{"files":{"index.html":{"frameworks":["pg.insight.events","pg.code-validator","pg.asset.manager","pg.project.items","mat0.97.5","pg.html","pg.components"],"last_page_width":1241},"code.html":{"frameworks":["boottest","pg.insight.events","mat0.97.5","pg.asset.manager","pg.project.items","pg.code-validator","pg.html","pg.components"],"last_page_width":1212},"resume.html":{"frameworks":["boottest","pg.insight.events","mat0.97.5","pg.asset.manager","pg.code-validator","pg.project.items","pg.html","pg.components"],"last_page_width":1212}},"breakpoints":["28.875em","33.875em","35.875em","38.875em","40.125em","46.75em","360px","390px","420px","450px","480px","510px","540px","570px","601px","630px","660px","690px","720px","750px","780px","810px","840px","870px","900px","930px","960px","993px","1200px"],"frameworks":["boottest","pg.insight.events","mat0.97.5","pg.asset.manager","pg.project.items","pg.code-validator","pg.html","pg.components"],"template_framework_id":"materialize","custom_width":1212,"file-picker-copy-folder":"C:\\Users\\ekholbrook\\Desktop\\ekhgitforstatic\\ekholbrookdigitalknight.github.io\\projects\\boottest\\assets\\img"}