<?xml version="1.0" encoding="UTF-8"?>

<allimages>

	<image>
		<s>city0001.jpg</s>
	</image>
	<image>
		<s>city0002.jpg</s>
	</image>
		<image>
		<s>city0003.jpg</s>
	</image>
		<image>
		<s>city0004.jpg</s>
	</image>
		<image>
		<s>city0005.jpg</s>
	</image>
		<image>
		<s>city0006.jpg</s>
	</image>
		<image>
		<s>city0007.jpg</s>
	</image>
		<image>
		<s>city0008.jpg</s>
	</image>
		<image>
		<s>city0009.jpg</s>
	</image>
		<image>
		<s>city0010.jpg</s>
	</image>
		<image>
		<s>city0011.jpg</s>
	</image>
		<image>
		<s>city0012.jpg</s>
	</image>
		<image>
		<s>city0013.jpg</s>
	</image>
		<image>
		<s>city0014.jpg</s>
	</image>
		<image>
		<s>city0015.jpg</s>
	</image>
		<image>
		<s>city0016.jpg</s>
	</image>
			<image>
		<s>city0017.jpg</s>
	</image>

		
</allimages>


