<?xml version="1.0" encoding="UTF-8"?>

<allimages>

	<image>
	city0001.jpg
	</image>
	<image>
		city0002.jpg
	</image>
		<image>
		city0003.jpg
	</image>
		<image>
		city0004.jpg
	</image>
		<image>
		city0005.jpg
	</image>
		<image>
		city0006.jpg
	</image>
		<image>
		city0007.jpg
	</image>
		<image>
		city0008.jpg
	</image>
		<image>
		city0009.jpg
	</image>
		<image>
		city0010.jpg
	</image>
		<image>
		city0011.jpg
	</image>
		<image>
		city0012.jpg
	</image>
		<image>
		city0013.jpg
	</image>
		<image>
		city0014.jpg
	</image>
		<image>
		city0015.jpg
	</image>
		<image>
		city0016.jpg
	</image>
			<image>
		city0017.jpg
	</image>

		
</allimages>


