[
  {
    "firstName": "Laura",
    "lastName": "Smith",
    "age": "28",
    "city": "New York",
    "personality": "null"
  },
  {
    "firstName": "John",
    "lastName": "Doe",
    "age": "34",
    "city": "Los Angeles",
    "personality": "null"
  },
  {
    "firstName": "Jane",
    "lastName": "Doe",
    "age": "30",
    "city": "Chicago",
    "personality": "null"
  },
  {
    "firstName": "Emily",
    "lastName": "Johnson",
    "age": "25",
    "city": "Houston",
    "personality": "null"
  },
  {
    "firstName": "Michael",
    "lastName": "Brown",
    "age": "40",
    "city": "Phoenix",
    "personality": "curious"
  },
  {
    "firstName": "Zack",
    "lastName": "Smith",
    "age": "40",
    "city": "Miami",
    "personality": "Anoying"
  }
]